feature,importance
num__QualityLivingArea,0.3707753230185493
num__TotalAreaScore,0.2767860103132602
num__OverallQual,0.12915245585736482
num__TotalSF,0.025031407318576827
num__BsmtFinSF1,0.021289692090295572
num__OverallScore,0.018057217236681165
num__TotalBathrooms,0.015344066972273097
num__YearBuilt,0.014674979856733687
num__HouseAge,0.014268801112899552
cat__BsmtQual_Ex,0.013069798232832478
num__GrLivArea,0.010418019494127424
num__LotArea,0.008338266371784366
num__GarageScore,0.008213657816591986
num__YearRemodAdd,0.005051337496233654
cat__KitchenQual_TA,0.004434736931456018
num__KitchenAbvGr,0.004217346896288511
num__YearsSinceRemodel,0.004139900651653223
num__BsmtUnfSF,0.0038069105704492995
num__2ndFlrSF,0.003740290777219813
num__1stFlrSF,0.003553516979932458
cat__BsmtExposure_Gd,0.0026495301503251297
num__Fireplaces,0.0026074643777516514
cat__BsmtQual_TA,0.0025261416911827213
cat__MSZoning_RM,0.0024605472823045647
num__TotalPorchSF,0.0023769116536783985
cat__HouseStyle_2Story,0.0020352059064979826
cat__SaleCondition_Partial,0.0020245105936716264
cat__SaleType_New,0.001896352293625227
num__TotRmsAbvGrd,0.001717588735374054
cat__MSZoning_RL,0.0016330996303588294
num__TotalBsmtSF,0.0016261027640460848
num__OverallCond,0.0015994222521655372
cat__FireplaceQu_None,0.0015373437115288667
cat__CentralAir_Y,0.0014263889511530769
num__GarageYrBlt,0.0012123621782542322
cat__Neighborhood_Crawfor,0.001204364749171985
cat__Neighborhood_StoneBr,0.001022364452952894
num__LotFrontage,0.0008482875574255259
cat__Exterior1st_BrkFace,0.0008459174105073619
num__OpenPorchSF,0.0008065053829195693
cat__Functional_Typ,0.0006544478652512879
cat__GarageType_Attchd,0.000507504330997515
num__GarageArea,0.00046303719136536005
cat__SaleCondition_Abnorml,0.0004620552441266317
cat__LandContour_Lvl,0.0004554260729340938
cat__Condition1_Norm,0.0004475496462889537
cat__BsmtFinType1_GLQ,0.000429575996837943
num__BedroomAbvGr,0.00042478486384199754
num__MSSubClass,0.0003816342798439105
cat__LotConfig_CulDSac,0.0003576516154836362
cat__BsmtExposure_No,0.00035179392602077437
num__PoolArea,0.00032679764634965336
cat__BsmtQual_Gd,0.00032492425663285677
cat__BsmtCond_Fa,0.0002871343635472464
cat__FireplaceQu_Gd,0.00026939291584261347
cat__MSZoning_C (all),0.0002601546044325355
num__MoSold,0.0002194730070905463
cat__Neighborhood_Veenker,0.0002147050690392091
cat__Neighborhood_Mitchel,0.0002092876656554781
cat__Condition1_Artery,0.00020497064507351545
cat__Functional_Maj1,0.0001954676387608091
num__WoodDeckSF,0.0001788215895887694
cat__KitchenQual_Ex,0.00017632747190331568
num__EnclosedPorch,0.00017301480237072488
cat__LandSlope_Mod,0.00017132578929240856
cat__Fence_GdPrv,0.00016607600792789407
cat__CentralAir_N,0.00016553036430761104
num__BsmtHalfBath,0.00016526784132011712
num__MasVnrArea,0.0001529782145662129
cat__GarageQual_TA,0.00015210386643479018
cat__SaleCondition_Normal,0.00014209947602131755
cat__Condition1_PosA,0.00013465434236994042
cat__Neighborhood_Somerst,0.00011664848230600869
cat__Exterior1st_Wd Sdng,0.00010635483771902629
num__YrSold,0.00010269614789332997
cat__GarageFinish_RFn,0.0001005639087544447
cat__SaleType_COD,8.770544825349877e-05
cat__Exterior1st_MetalSd,8.32866185767692e-05
cat__LandContour_HLS,8.214858605435252e-05
cat__Exterior1st_Plywood,8.14281255175164e-05
cat__SaleType_WD,7.491939421370898e-05
num__BsmtFinSF2,7.268212256563583e-05
cat__BsmtFinType2_BLQ,7.207842039561335e-05
cat__GarageType_BuiltIn,6.665746549052785e-05
cat__Foundation_Wood,6.190764208588571e-05
cat__LotConfig_Inside,6.109489243548812e-05
cat__Neighborhood_BrkSide,5.8342786734064585e-05
cat__LotShape_IR2,5.8244603048508184e-05
cat__LotShape_IR1,5.642599514468849e-05
num__BsmtFullBath,5.411643868512721e-05
cat__FireplaceQu_Ex,5.327209890387703e-05
cat__GarageType_Basment,5.2823568430516706e-05
cat__LotShape_Reg,5.270794113394124e-05
cat__Neighborhood_Edwards,5.0059413992118496e-05
cat__KitchenQual_Fa,4.9842237197628504e-05
cat__RoofStyle_Gable,4.954572918021354e-05
cat__BsmtExposure_Av,4.8045562512813244e-05
cat__BldgType_1Fam,4.7782562667366974e-05
cat__Fence_MnPrv,4.683234937139476e-05
cat__FireplaceQu_TA,4.432968226206827e-05
cat__Exterior2nd_AsbShng,4.168101759163023e-05
cat__Foundation_PConc,3.8320965274257056e-05
cat__Neighborhood_NAmes,3.7946977975330403e-05
cat__GarageCond_Fa,3.445218001774355e-05
cat__RoofStyle_Shed,3.0873779654694315e-05
cat__Condition1_RRAe,2.8724655948629386e-05
cat__HeatingQC_Ex,2.8058316332100916e-05
cat__Neighborhood_ClearCr,2.720050318177458e-05
cat__SaleCondition_Alloca,2.6328551834146913e-05
cat__SaleCondition_Family,2.485388443660108e-05
cat__MSZoning_FV,2.2376192663708552e-05
cat__Heating_GasA,2.1613291701050685e-05
cat__ExterCond_Fa,2.0143722073658258e-05
cat__LandSlope_Gtl,1.794413405201204e-05
cat__BsmtFinType1_Unf,1.7077686975960567e-05
num__TotalRooms,1.273714807235996e-05
cat__ExterQual_TA,6.97316686483448e-06
cat__ExterCond_TA,4.837659259093336e-06
cat__MasVnrType_BrkFace,4.5474270100385165e-06
cat__PoolQC_None,3.5328014211797923e-06
cat__Neighborhood_NridgHt,3.2998440275379704e-06
cat__BsmtFinType2_Unf,3.272129546886417e-06
cat__Exterior1st_WdShing,2.2733204318491887e-06
cat__Exterior2nd_MetalSd,1.3423068463694456e-06
cat__Exterior2nd_VinylSd,6.7882949007968e-07
cat__BsmtFinType1_BLQ,1.4384350740511755e-07
cat__GarageFinish_Fin,1.0627066444685055e-07
cat__Functional_Min1,0.0
cat__Neighborhood_BrDale,0.0
cat__Functional_Min2,0.0
cat__Functional_Mod,0.0
cat__Neighborhood_Gilbert,0.0
cat__Neighborhood_CollgCr,0.0
cat__FireplaceQu_Fa,0.0
cat__FireplaceQu_Po,0.0
cat__Neighborhood_Blueste,0.0
cat__Neighborhood_IDOTRR,0.0
cat__Neighborhood_Blmngtn,0.0
cat__GarageType_2Types,0.0
num__LowQualFinSF,0.0
cat__LandSlope_Sev,0.0
cat__LotConfig_FR3,0.0
cat__GarageType_CarPort,0.0
cat__GarageType_Detchd,0.0
cat__Functional_Maj2,0.0
cat__BldgType_2fmCon,0.0
num__FullBath,0.0
cat__Neighborhood_MeadowV,0.0
cat__BsmtFinType2_Rec,0.0
cat__Heating_Floor,0.0
cat__Heating_GasW,0.0
cat__Heating_Grav,0.0
cat__Heating_OthW,0.0
cat__Heating_Wall,0.0
cat__Neighborhood_NoRidge,0.0
cat__HeatingQC_Fa,0.0
cat__HeatingQC_Gd,0.0
cat__HeatingQC_Po,0.0
cat__HeatingQC_TA,0.0
cat__Neighborhood_NWAmes,0.0
num__HalfBath,0.0
cat__Electrical_FuseA,0.0
cat__Electrical_FuseF,0.0
cat__Electrical_FuseP,0.0
cat__Electrical_None,0.0
cat__Electrical_SBrkr,0.0
cat__Neighborhood_NPkVill,0.0
cat__KitchenQual_Gd,0.0
cat__GarageFinish_None,0.0
cat__GarageType_None,0.0
cat__SaleType_ConLD,0.0
cat__Fence_None,0.0
cat__MiscFeature_Gar2,0.0
cat__MiscFeature_None,0.0
cat__MiscFeature_Othr,0.0
cat__MiscFeature_Shed,0.0
cat__MiscFeature_TenC,0.0
cat__LandContour_Bnk,0.0
cat__SaleType_CWD,0.0
cat__SaleType_Con,0.0
cat__SaleType_ConLI,0.0
cat__LandContour_Low,0.0
cat__SaleType_ConLw,0.0
cat__LotShape_IR3,0.0
cat__SaleType_Oth,0.0
cat__Alley_Pave,0.0
cat__Alley_None,0.0
cat__SaleCondition_AdjLand,0.0
cat__Alley_Grvl,0.0
cat__Street_Pave,0.0
cat__Street_Grvl,0.0
cat__Fence_MnWw,0.0
cat__Fence_GdWo,0.0
cat__BsmtFinType2_LwQ,0.0
cat__Utilities_NoSeWa,0.0
cat__LotConfig_FR2,0.0
cat__GarageFinish_Unf,0.0
cat__GarageQual_Ex,0.0
cat__GarageQual_Fa,0.0
cat__GarageQual_Gd,0.0
cat__GarageQual_None,0.0
cat__GarageQual_Po,0.0
cat__LotConfig_Corner,0.0
cat__GarageCond_Ex,0.0
cat__GarageCond_Gd,0.0
cat__Utilities_AllPub,0.0
cat__GarageCond_None,0.0
cat__GarageCond_Po,0.0
cat__GarageCond_TA,0.0
cat__PavedDrive_N,0.0
cat__PavedDrive_P,0.0
cat__PavedDrive_Y,0.0
cat__PoolQC_Ex,0.0
cat__PoolQC_Fa,0.0
cat__PoolQC_Gd,0.0
cat__BsmtFinType2_None,0.0
cat__BsmtFinType2_ALQ,0.0
cat__BsmtFinType2_GLQ,0.0
cat__Exterior1st_Stone,0.0
cat__Exterior1st_AsphShn,0.0
cat__Exterior1st_BrkComm,0.0
cat__Condition2_RRAe,0.0
cat__Exterior1st_CBlock,0.0
cat__Exterior1st_CemntBd,0.0
cat__Exterior1st_HdBoard,0.0
cat__Exterior1st_ImStucc,0.0
cat__Condition2_PosN,0.0
cat__Condition2_PosA,0.0
cat__Exterior1st_Stucco,0.0
cat__Neighborhood_OldTown,0.0
cat__Exterior1st_VinylSd,0.0
num__ScreenPorch,0.0
cat__Condition2_Norm,0.0
cat__Exterior2nd_AsphShn,0.0
cat__Exterior2nd_Brk Cmn,0.0
cat__Exterior2nd_BrkFace,0.0
cat__Exterior2nd_CBlock,0.0
cat__Exterior2nd_CmentBd,0.0
cat__Exterior2nd_HdBoard,0.0
cat__Exterior1st_AsbShng,0.0
cat__RoofMatl_WdShngl,0.0
cat__RoofMatl_WdShake,0.0
cat__RoofMatl_Tar&Grv,0.0
cat__BldgType_Twnhs,0.0
cat__BldgType_TwnhsE,0.0
cat__HouseStyle_1.5Fin,0.0
cat__HouseStyle_1.5Unf,0.0
cat__HouseStyle_1Story,0.0
cat__HouseStyle_2.5Fin,0.0
cat__HouseStyle_2.5Unf,0.0
num__MiscVal,0.0
cat__HouseStyle_SFoyer,0.0
cat__HouseStyle_SLvl,0.0
cat__RoofStyle_Flat,0.0
cat__Condition2_RRNn,0.0
cat__RoofStyle_Gambrel,0.0
cat__RoofStyle_Hip,0.0
cat__RoofStyle_Mansard,0.0
cat__Condition2_RRAn,0.0
cat__RoofMatl_CompShg,0.0
cat__RoofMatl_Metal,0.0
cat__RoofMatl_Roll,0.0
cat__Exterior2nd_ImStucc,0.0
cat__Exterior2nd_Other,0.0
cat__Exterior2nd_Plywood,0.0
cat__BsmtQual_Fa,0.0
cat__BsmtQual_None,0.0
cat__Condition1_PosN,0.0
cat__Condition1_Feedr,0.0
cat__BsmtCond_Gd,0.0
cat__BsmtCond_None,0.0
cat__BsmtCond_Po,0.0
cat__BsmtCond_TA,0.0
cat__Neighborhood_Timber,0.0
cat__Neighborhood_SawyerW,0.0
cat__BsmtExposure_Mn,0.0
cat__Neighborhood_Sawyer,0.0
cat__BsmtExposure_None,0.0
cat__BsmtFinType1_ALQ,0.0
num__GarageCars,0.0
cat__BsmtFinType1_LwQ,0.0
cat__BsmtFinType1_None,0.0
cat__BsmtFinType1_Rec,0.0
cat__Neighborhood_SWISU,0.0
cat__BldgType_Duplex,0.0
cat__Condition1_RRAn,0.0
num__3SsnPorch,0.0
cat__Exterior2nd_Stone,0.0
cat__Condition1_RRNe,0.0
cat__Exterior2nd_Stucco,0.0
cat__Exterior2nd_Wd Sdng,0.0
cat__Exterior2nd_Wd Shng,0.0
cat__MasVnrType_BrkCmn,0.0
cat__MasVnrType_None,0.0
cat__MasVnrType_Stone,0.0
cat__ExterQual_Ex,0.0
cat__ExterQual_Fa,0.0
cat__ExterQual_Gd,0.0
cat__Condition2_Feedr,0.0
cat__ExterCond_Ex,0.0
cat__Condition2_Artery,0.0
cat__ExterCond_Gd,0.0
cat__ExterCond_Po,0.0
cat__Foundation_BrkTil,0.0
cat__Foundation_CBlock,0.0
cat__Condition1_RRNn,0.0
cat__Foundation_Slab,0.0
cat__Foundation_Stone,0.0
cat__MSZoning_RH,0.0
